{"mean": 10.712998978781346, "std": 113.72221179368194, "median": 1.93, "min": 1.0, "max": 6114.72, "q25": 1.29, "q75": 3.82, "q90": 9.76, "q95": 20.09799999999992, "skew": 32.96210767147695, "kurtosis": 1353.8827247956626}