{
  "last_training_time": "2025-12-13T04:21:00.868825",
  "training_duration_seconds": 415.951587,
  "training_samples": 3287,
  "metrics": {
    "mae": 0.9801501199852909,
    "rmse": 9.307007833146855,
    "r2": 0.40431689171014074,
    "mape": 51.2018262789003,
    "train_losses": [
      2.354119972121425,
      1.6789115969000794,
      1.470510050018386,
      1.4615260026440389,
      1.427365207181471,
      1.4052756332406184,
      1.433187884346741,
      1.3993717160348484,
      1.41797729154549,
      1.395593738773974,
      1.4379948240409537,
      1.3636000671582977,
      1.4329813050060738,
      1.380873033368006,
      1.3593930426258138,
      1.313744015173941,
      1.237242419000079,
      1.2000377992758664,
      1.1545897398780032,
      1.2071064102985873,
      1.1091319561095498,
      1.1124116910803246,
      1.0957358391137748,
      1.0753307227590463,
      1.0618572883398794,
      1.1727985557077862,
      1.052388310659586,
      1.0472636507687771,
      0.9644531356397925,
      0.9733771347872368,
      0.9918372630618695,
      0.9848568090805556,
      0.9631965895660404,
      0.9568597011540722,
      0.9369931620795552,
      0.944531222214786,
      0.9356669728167173,
      0.9178853534025754,
      0.9115416341256805,
      0.9198953274001436,
      0.9596409026260783,
      0.9044280293647472,
      0.8869230749494419,
      0.945401200343196,
      0.8895511330991257,
      0.934282683721948,
      0.9142894089539967,
      0.9261059843957787,
      0.8898718139474712,
      0.9142198452453424
    ],
    "val_losses": [
      0.9229148307984526,
      0.4991925067522309,
      0.44295713339339604,
      0.47218178517439147,
      0.6697677045383237,
      0.4687109826640649,
      0.40866628831083124,
      0.6139841459014199,
      0.34658757681873714,
      0.668491368605332,
      0.5206479572437026,
      0.6094883660023863,
      0.44147336889397015,
      0.5529435442929919,
      0.3846388768235391,
      0.32227182100442325,
      0.406253920360045,
      0.3335558642971922,
      0.4566757924516093,
      0.6020952197299763,
      0.5633227076720108,
      0.4890780662694438,
      0.5187905560332265,
      0.5408332790036432,
      0.6514250504445623,
      0.7367813821712678,
      0.8637862920083783,
      0.7201724387705326,
      0.6660963928496296,
      0.7171608261679384,
      0.6317784548948773,
      0.6956847408384254,
      0.7109803524799645,
      0.6397843768777833,
      0.6023696956902065,
      0.7035829461687668,
      0.6884226007175378,
      0.6633391801310196,
      0.7266061350872571,
      0.7339844362471591,
      0.6378870847613805,
      0.6578490118792449,
      0.6691988575356927,
      0.7225266598715362,
      0.6858043018728495,
      0.6997881122039292,
      0.6949152028907768,
      0.7124682093060322,
      0.7098910911008716,
      0.710841785830615
    ]
  },
  "model_path": "models/transformer_current_regression.pth"
}