{
  "last_training_time": "2025-12-13T04:41:56.448756",
  "training_duration_seconds": 1250.915224,
  "training_samples": 7363,
  "metrics": {
    "accuracy": 0.9972733469665985,
    "precision": 1.0,
    "recall": 0.9452054794520548,
    "f1_score": 0.971830985915493,
    "auc": 0.9980739372260765,
    "train_losses": [
      0.06116645830076342,
      0.024614065617915123,
      0.013810588726340464,
      0.01764356272922115,
      0.011753935994183057,
      0.017938138397173887,
      0.013811136500842858,
      0.014205647640151057,
      0.011561825516250594,
      0.011079216609805766,
      0.0045693038732086124,
      0.009677991493489295,
      0.006680845498507275,
      0.006318141446291006,
      0.012888167552398005,
      0.004223819858057338,
      0.0040382122324049505,
      0.0004420585210324213,
      6.365496693413898e-05,
      2.7391463106596348e-05,
      2.191678914720757e-05,
      1.3609419110964708e-05,
      1.697844661076369e-05,
      1.1166941291044761e-05,
      1.8534156914068696e-05,
      1.157608526524279e-05,
      9.114825608637899e-06,
      7.196157823678416e-06,
      8.34482835157162e-06,
      8.999908513744785e-06,
      1.1113792489279307e-05,
      6.566199287946169e-06,
      9.957422452336449e-06,
      0.0003235198000679603,
      0.00031451454651563955,
      1.48526374049573e-05,
      7.008573137652449e-06,
      6.7703535129883514e-06,
      5.988083884126947e-06,
      2.6819972803245353e-05,
      6.417449331207615e-06,
      1.1166420046779619e-05,
      5.123889508240609e-06,
      6.211742969427455e-06,
      2.119157815627659e-05,
      6.712442910838945e-06,
      8.156095884467742e-06,
      6.998469200178316e-06,
      0.0003371573600225514,
      8.851744977194002e-06
    ],
    "val_losses": [
      0.03328291626404161,
      0.026384312841717317,
      0.02361767225564741,
      0.015804397223173113,
      0.017641187541733456,
      0.022040069520817666,
      0.02488835070961732,
      0.03540530418546911,
      0.02192169049774985,
      0.014419182199281235,
      0.03953792053052103,
      0.01588676338574062,
      0.015372018970083445,
      0.03246650162284071,
      0.015082344835441883,
      0.025136578703614246,
      0.023033010354518647,
      0.021506610953822572,
      0.025353609663477033,
      0.027476036227080444,
      0.028718147538414916,
      0.02894888454439435,
      0.029189784946914227,
      0.029419736888238058,
      0.03043206215145643,
      0.030968305775934863,
      0.031064366160327827,
      0.031126698268369935,
      0.031180221624085985,
      0.0314141530236809,
      0.031400881615601735,
      0.031425715988452,
      0.031390797907059335,
      0.029596130163841022,
      0.030114554736705348,
      0.030560160730310006,
      0.03065845477823112,
      0.030782620530841166,
      0.030825234293403177,
      0.03122157142079034,
      0.03143945876209016,
      0.03146909818045297,
      0.031518529665114016,
      0.03158683491171419,
      0.03179659392076147,
      0.031832130172441124,
      0.03192637431790563,
      0.03193387497196415,
      0.03177700388921593,
      0.031847783834391324
    ]
  },
  "model_path": "models/transformer_global_classification.pth"
}